label_name,bbox_x,bbox_y,bbox_width,bbox_height,image_name,image_width,image_height
adequadas para corte,19,135,162,190,10_orelha_de_elefante.jpg,640,640
adequadas para corte,495,270,102,234,10_orelha_de_elefante.jpg,640,640
adequadas para corte,434,24,128,259,10_orelha_de_elefante.jpg,640,640
adequadas para corte,0,289,57,200,10_orelha_de_elefante.jpg,640,640
inadequadas para corte,67,389,33,116,10_orelha_de_elefante.jpg,640,640
inadequadas para corte,30,384,47,112,10_orelha_de_elefante.jpg,640,640
inadequadas para corte,113,505,40,80,10_orelha_de_elefante.jpg,640,640
inadequadas para corte,170,475,32,119,10_orelha_de_elefante.jpg,640,640
inadequadas para corte,34,467,72,171,10_orelha_de_elefante.jpg,640,640
inadequadas para corte,225,584,23,41,10_orelha_de_elefante.jpg,640,640
inadequadas para corte,217,521,18,36,10_orelha_de_elefante.jpg,640,640
inadequadas para corte,210,459,19,33,10_orelha_de_elefante.jpg,640,640
adequadas para corte,128,286,131,145,10_orelha_de_elefante.jpg,640,640
adequadas para corte,219,335,70,270,10_orelha_de_elefante.jpg,640,640
adequadas para corte,391,400,98,197,10_orelha_de_elefante.jpg,640,640
inadequadas para corte,542,523,48,117,10_orelha_de_elefante.jpg,640,640
adequadas para corte,295,111,86,291,10_orelha_de_elefante.jpg,640,640
adequadas para corte,385,183,108,221,10_orelha_de_elefante.jpg,640,640
adequadas para corte,185,0,130,221,10_orelha_de_elefante.jpg,640,640
inadequadas para corte,549,0,80,252,10_orelha_de_elefante.jpg,640,640
inadequadas para corte,506,0,46,196,10_orelha_de_elefante.jpg,640,640
inadequadas para corte,328,403,53,142,10_orelha_de_elefante.jpg,640,640
inadequadas para corte,10,381,47,87,1_orelha_de_elefante.jpg,640,640
inadequadas para corte,110,60,47,43,1_orelha_de_elefante.jpg,640,640
inadequadas para corte,244,243,57,114,1_orelha_de_elefante.jpg,640,640
inadequadas para corte,533,38,69,166,1_orelha_de_elefante.jpg,640,640
inadequadas para corte,183,461,145,179,1_orelha_de_elefante.jpg,640,640
inadequadas para corte,85,361,125,279,1_orelha_de_elefante.jpg,640,640
inadequadas para corte,0,394,79,244,1_orelha_de_elefante.jpg,640,640
inadequadas para corte,104,111,43,104,1_orelha_de_elefante.jpg,640,640
inadequadas para corte,117,224,91,199,1_orelha_de_elefante.jpg,640,640
inadequadas para corte,416,197,116,234,1_orelha_de_elefante.jpg,640,640
inadequadas para corte,439,98,91,195,1_orelha_de_elefante.jpg,640,640
adequadas para corte,356,231,115,268,1_orelha_de_elefante.jpg,640,640
adequadas para corte,296,265,88,266,1_orelha_de_elefante.jpg,640,640
adequadas para corte,219,310,77,175,1_orelha_de_elefante.jpg,640,640
adequadas para corte,0,0,48,193,1_orelha_de_elefante.jpg,640,640
adequadas para corte,31,0,57,163,1_orelha_de_elefante.jpg,640,640
adequadas para corte,413,0,72,131,1_orelha_de_elefante.jpg,640,640
adequadas para corte,487,1,79,162,1_orelha_de_elefante.jpg,640,640
adequadas para corte,213,53,49,178,1_orelha_de_elefante.jpg,640,640
adequadas para corte,543,198,65,267,1_orelha_de_elefante.jpg,640,640
adequadas para corte,344,43,1,0,1_orelha_de_elefante.jpg,640,640
adequadas para corte,272,51,65,204,1_orelha_de_elefante.jpg,640,640
adequadas para corte,0,153,87,246,1_orelha_de_elefante.jpg,640,640
adequadas para corte,570,98,70,542,1_orelha_de_elefante.jpg,640,640
inadequadas para corte,86,411,45,79,2_orelha_de_elefante.jpg,640,640
inadequadas para corte,19,314,32,63,2_orelha_de_elefante.jpg,640,640
inadequadas para corte,192,91,20,49,2_orelha_de_elefante.jpg,640,640
inadequadas para corte,188,242,107,208,2_orelha_de_elefante.jpg,640,640
inadequadas para corte,609,75,31,148,2_orelha_de_elefante.jpg,640,640
inadequadas para corte,283,39,56,101,2_orelha_de_elefante.jpg,640,640
inadequadas para corte,39,433,113,207,2_orelha_de_elefante.jpg,640,640
inadequadas para corte,109,235,56,340,2_orelha_de_elefante.jpg,640,640
adequadas para corte,345,74,67,216,2_orelha_de_elefante.jpg,640,640
adequadas para corte,26,38,98,184,2_orelha_de_elefante.jpg,640,640
adequadas para corte,101,0,59,193,2_orelha_de_elefante.jpg,640,640
adequadas para corte,0,164,31,216,2_orelha_de_elefante.jpg,640,640
adequadas para corte,550,0,90,173,2_orelha_de_elefante.jpg,640,640
adequadas para corte,438,257,102,271,2_orelha_de_elefante.jpg,640,640
inadequadas para corte,161,401,109,239,2_orelha_de_elefante.jpg,640,640
inadequadas para corte,176,138,53,120,2_orelha_de_elefante.jpg,640,640
inadequadas para corte,518,131,81,155,2_orelha_de_elefante.jpg,640,640
inadequadas para corte,501,233,106,221,2_orelha_de_elefante.jpg,640,640
inadequadas para corte,262,499,137,141,2_orelha_de_elefante.jpg,640,640
inadequadas para corte,359,524,64,116,2_orelha_de_elefante.jpg,640,640
inadequadas para corte,340,365,88,201,2_orelha_de_elefante.jpg,640,640
adequadas para corte,44,185,108,269,2_orelha_de_elefante.jpg,640,640
adequadas para corte,230,159,52,329,2_orelha_de_elefante.jpg,640,640
inadequadas para corte,429,233,30,46,3_orelha_de_elefante.jpg,640,640
inadequadas para corte,369,519,44,74,3_orelha_de_elefante.jpg,640,640
inadequadas para corte,499,82,135,129,3_orelha_de_elefante.jpg,640,640
inadequadas para corte,171,299,124,212,3_orelha_de_elefante.jpg,640,640
inadequadas para corte,441,341,61,139,3_orelha_de_elefante.jpg,640,640
inadequadas para corte,331,255,59,246,3_orelha_de_elefante.jpg,640,640
inadequadas para corte,448,464,61,157,3_orelha_de_elefante.jpg,640,640
adequadas para corte,503,350,95,290,3_orelha_de_elefante.jpg,640,640
adequadas para corte,18,175,105,248,3_orelha_de_elefante.jpg,640,640
adequadas para corte,94,309,73,238,3_orelha_de_elefante.jpg,640,640
adequadas para corte,120,210,138,116,3_orelha_de_elefante.jpg,640,640
adequadas para corte,118,472,115,141,3_orelha_de_elefante.jpg,640,640
adequadas para corte,228,478,95,162,3_orelha_de_elefante.jpg,640,640
adequadas para corte,331,439,67,178,3_orelha_de_elefante.jpg,640,640
adequadas para corte,389,347,72,223,3_orelha_de_elefante.jpg,640,640
inadequadas para corte,45,410,48,61,3_orelha_de_elefante.jpg,640,640
inadequadas para corte,261,220,107,212,3_orelha_de_elefante.jpg,640,640
inadequadas para corte,258,128,36,86,4_orelha_de_elefante.jpg,640,640
inadequadas para corte,73,575,149,65,4_orelha_de_elefante.jpg,640,640
adequadas para corte,345,34,106,201,4_orelha_de_elefante.jpg,640,640
adequadas para corte,452,69,113,157,4_orelha_de_elefante.jpg,640,640
adequadas para corte,19,0,112,173,4_orelha_de_elefante.jpg,640,640
adequadas para corte,448,381,163,123,4_orelha_de_elefante.jpg,640,640
adequadas para corte,69,82,82,335,4_orelha_de_elefante.jpg,640,640
inadequadas para corte,1,141,61,286,4_orelha_de_elefante.jpg,640,640
inadequadas para corte,149,115,83,171,4_orelha_de_elefante.jpg,640,640
inadequadas para corte,537,0,24,88,4_orelha_de_elefante.jpg,640,640
inadequadas para corte,123,423,89,82,4_orelha_de_elefante.jpg,640,640
adequadas para corte,0,363,105,142,4_orelha_de_elefante.jpg,640,640
adequadas para corte,0,448,72,192,4_orelha_de_elefante.jpg,640,640
adequadas para corte,42,492,58,148,4_orelha_de_elefante.jpg,640,640
inadequadas para corte,286,227,85,260,4_orelha_de_elefante.jpg,640,640
inadequadas para corte,393,201,144,251,4_orelha_de_elefante.jpg,640,640
inadequadas para corte,481,192,81,181,4_orelha_de_elefante.jpg,640,640
adequadas para corte,281,82,53,249,4_orelha_de_elefante.jpg,640,640
adequadas para corte,245,2,61,130,4_orelha_de_elefante.jpg,640,640
adequadas para corte,307,0,40,156,4_orelha_de_elefante.jpg,640,640
adequadas para corte,534,141,89,247,4_orelha_de_elefante.jpg,640,640
adequadas para corte,554,0,74,143,4_orelha_de_elefante.jpg,640,640
adequadas para corte,201,164,95,208,4_orelha_de_elefante.jpg,640,640
inadequadas para corte,335,280,128,246,4_orelha_de_elefante.jpg,640,640
inadequadas para corte,294,421,36,66,5_orelha_de_elefante.jpg,640,640
inadequadas para corte,44,508,24,94,5_orelha_de_elefante.jpg,640,640
inadequadas para corte,398,0,133,107,5_orelha_de_elefante.jpg,640,640
inadequadas para corte,93,208,118,206,5_orelha_de_elefante.jpg,640,640
inadequadas para corte,69,252,62,159,5_orelha_de_elefante.jpg,640,640
adequadas para corte,36,128,140,109,5_orelha_de_elefante.jpg,640,640
adequadas para corte,16,236,62,218,5_orelha_de_elefante.jpg,640,640
adequadas para corte,0,99,43,281,5_orelha_de_elefante.jpg,640,640
inadequadas para corte,175,134,98,204,5_orelha_de_elefante.jpg,640,640
inadequadas para corte,254,171,56,225,5_orelha_de_elefante.jpg,640,640
inadequadas para corte,254,306,53,205,5_orelha_de_elefante.jpg,640,640
adequadas para corte,301,263,79,198,5_orelha_de_elefante.jpg,640,640
adequadas para corte,557,402,53,234,5_orelha_de_elefante.jpg,640,640
inadequadas para corte,597,417,41,116,5_orelha_de_elefante.jpg,640,640
adequadas para corte,0,454,57,160,5_orelha_de_elefante.jpg,640,640
adequadas para corte,150,386,97,176,5_orelha_de_elefante.jpg,640,640
adequadas para corte,421,256,74,292,5_orelha_de_elefante.jpg,640,640
adequadas para corte,423,461,95,179,5_orelha_de_elefante.jpg,640,640
inadequadas para corte,515,252,44,258,5_orelha_de_elefante.jpg,640,640
inadequadas para corte,340,147,22,44,5_orelha_de_elefante.jpg,640,640
adequadas para corte,349,361,76,156,5_orelha_de_elefante.jpg,640,640
adequadas para corte,237,453,93,187,5_orelha_de_elefante.jpg,640,640
adequadas para corte,486,122,133,199,5_orelha_de_elefante.jpg,640,640
inadequadas para corte,364,490,27,82,6_orelha_de_elefante.jpg,640,640
inadequadas para corte,312,331,58,285,6_orelha_de_elefante.jpg,640,640
inadequadas para corte,259,206,98,266,6_orelha_de_elefante.jpg,640,640
inadequadas para corte,62,330,94,183,6_orelha_de_elefante.jpg,640,640
adequadas para corte,500,263,89,354,6_orelha_de_elefante.jpg,640,640
adequadas para corte,2,183,170,132,6_orelha_de_elefante.jpg,640,640
adequadas para corte,78,494,107,146,6_orelha_de_elefante.jpg,640,640
adequadas para corte,194,468,110,169,6_orelha_de_elefante.jpg,640,640
adequadas para corte,309,1,87,250,6_orelha_de_elefante.jpg,640,640
inadequadas para corte,403,0,164,79,6_orelha_de_elefante.jpg,640,640
inadequadas para corte,439,166,87,96,6_orelha_de_elefante.jpg,640,640
inadequadas para corte,409,269,51,164,6_orelha_de_elefante.jpg,640,640
adequadas para corte,541,173,99,145,6_orelha_de_elefante.jpg,640,640
adequadas para corte,571,95,66,131,6_orelha_de_elefante.jpg,640,640
inadequadas para corte,169,165,149,236,6_orelha_de_elefante.jpg,640,640
inadequadas para corte,82,267,166,238,6_orelha_de_elefante.jpg,640,640
adequadas para corte,2,313,76,260,6_orelha_de_elefante.jpg,640,640
inadequadas para corte,431,408,82,177,6_orelha_de_elefante.jpg,640,640
inadequadas para corte,235,559,39,75,7_orelha_de_elefante.jpg,640,640
inadequadas para corte,247,278,50,254,7_orelha_de_elefante.jpg,640,640
inadequadas para corte,350,318,114,221,7_orelha_de_elefante.jpg,640,640
adequadas para corte,44,391,88,249,7_orelha_de_elefante.jpg,640,640
adequadas para corte,131,503,78,135,7_orelha_de_elefante.jpg,640,640
adequadas para corte,416,524,118,114,7_orelha_de_elefante.jpg,640,640
inadequadas para corte,0,112,128,133,7_orelha_de_elefante.jpg,640,640
inadequadas para corte,442,358,57,171,7_orelha_de_elefante.jpg,640,640
inadequadas para corte,556,429,53,73,7_orelha_de_elefante.jpg,640,640
adequadas para corte,522,187,104,264,7_orelha_de_elefante.jpg,640,640
inadequadas para corte,105,83,135,259,7_orelha_de_elefante.jpg,640,640
inadequadas para corte,57,296,77,82,7_orelha_de_elefante.jpg,640,640
inadequadas para corte,131,381,59,139,7_orelha_de_elefante.jpg,640,640
inadequadas para corte,141,104,42,149,8_orelha_de_elefante.jpg,640,640
inadequadas para corte,518,0,24,57,8_orelha_de_elefante.jpg,640,640
inadequadas para corte,0,466,94,121,8_orelha_de_elefante.jpg,640,640
inadequadas para corte,429,104,76,165,8_orelha_de_elefante.jpg,640,640
inadequadas para corte,507,77,71,140,8_orelha_de_elefante.jpg,640,640
inadequadas para corte,389,287,70,246,8_orelha_de_elefante.jpg,640,640
adequadas para corte,164,6,103,272,8_orelha_de_elefante.jpg,640,640
adequadas para corte,179,276,105,239,8_orelha_de_elefante.jpg,640,640
adequadas para corte,113,3,61,98,8_orelha_de_elefante.jpg,640,640
inadequadas para corte,287,151,22,28,8_orelha_de_elefante.jpg,640,640
inadequadas para corte,340,58,26,43,8_orelha_de_elefante.jpg,640,640
inadequadas para corte,295,94,94,296,8_orelha_de_elefante.jpg,640,640
inadequadas para corte,312,198,1,0,8_orelha_de_elefante.jpg,640,640
inadequadas para corte,238,554,48,86,8_orelha_de_elefante.jpg,640,640
inadequadas para corte,304,529,124,108,8_orelha_de_elefante.jpg,640,640
inadequadas para corte,32,48,114,259,8_orelha_de_elefante.jpg,640,640
inadequadas para corte,554,250,86,179,8_orelha_de_elefante.jpg,640,640
adequadas para corte,78,414,82,226,8_orelha_de_elefante.jpg,640,640
inadequadas para corte,0,371,69,116,8_orelha_de_elefante.jpg,640,640
inadequadas para corte,611,21,29,168,8_orelha_de_elefante.jpg,640,640
adequadas para corte,293,10,74,115,8_orelha_de_elefante.jpg,640,640
adequadas para corte,56,287,92,169,8_orelha_de_elefante.jpg,640,640
inadequadas para corte,381,1,128,101,8_orelha_de_elefante.jpg,640,640
adequadas para corte,186,163,137,347,9_orelha_de_elefante.jpg,640,640
adequadas para corte,346,85,134,296,9_orelha_de_elefante.jpg,640,640
inadequadas para corte,433,204,67,145,9_orelha_de_elefante.jpg,640,640
inadequadas para corte,65,3,31,103,9_orelha_de_elefante.jpg,640,640
inadequadas para corte,13,130,85,141,9_orelha_de_elefante.jpg,640,640
adequadas para corte,312,385,116,253,9_orelha_de_elefante.jpg,640,640
adequadas para corte,0,325,77,208,9_orelha_de_elefante.jpg,640,640
adequadas para corte,467,194,120,262,9_orelha_de_elefante.jpg,640,640
adequadas para corte,454,416,112,186,9_orelha_de_elefante.jpg,640,640
inadequadas para corte,82,166,96,176,9_orelha_de_elefante.jpg,640,640
inadequadas para corte,258,124,26,37,9_orelha_de_elefante.jpg,640,640
inadequadas para corte,123,380,59,259,9_orelha_de_elefante.jpg,640,640
inadequadas para corte,293,0,50,78,9_orelha_de_elefante.jpg,640,640
inadequadas para corte,246,0,44,76,9_orelha_de_elefante.jpg,640,640
inadequadas para corte,36,439,103,199,11_orelha_de_elefante.jpg,640,640
inadequadas para corte,2,482,32,158,11_orelha_de_elefante.jpg,640,640
inadequadas para corte,0,229,36,73,11_orelha_de_elefante.jpg,640,640
inadequadas para corte,596,470,29,78,11_orelha_de_elefante.jpg,640,640
inadequadas para corte,597,537,37,80,11_orelha_de_elefante.jpg,640,640
adequadas para corte,183,202,133,243,11_orelha_de_elefante.jpg,640,640
adequadas para corte,310,111,70,303,11_orelha_de_elefante.jpg,640,640
adequadas para corte,326,0,163,194,11_orelha_de_elefante.jpg,640,640
adequadas para corte,483,91,157,200,11_orelha_de_elefante.jpg,640,640
adequadas para corte,435,326,74,284,11_orelha_de_elefante.jpg,640,640
adequadas para corte,453,265,126,164,11_orelha_de_elefante.jpg,640,640
adequadas para corte,356,217,69,242,11_orelha_de_elefante.jpg,640,640
adequadas para corte,92,42,144,280,11_orelha_de_elefante.jpg,640,640
adequadas para corte,141,327,79,217,11_orelha_de_elefante.jpg,640,640
inadequadas para corte,103,273,62,220,11_orelha_de_elefante.jpg,640,640
inadequadas para corte,536,437,34,129,11_orelha_de_elefante.jpg,640,640
inadequadas para corte,344,403,65,158,11_orelha_de_elefante.jpg,640,640
inadequadas para corte,53,41,36,271,11_orelha_de_elefante.jpg,640,640
inadequadas para corte,75,0,81,242,11_orelha_de_elefante.jpg,640,640
adequadas para corte,256,421,74,201,11_orelha_de_elefante.jpg,640,640
adequadas para corte,573,259,67,158,11_orelha_de_elefante.jpg,640,640
inadequadas para corte,265,290,24,36,11_orelha_de_elefante.jpg,640,640
inadequadas para corte,212,455,24,40,11_orelha_de_elefante.jpg,640,640
inadequadas para corte,171,533,23,43,11_orelha_de_elefante.jpg,640,640
inadequadas para corte,137,554,27,36,11_orelha_de_elefante.jpg,640,640
inadequadas para corte,213,515,36,124,11_orelha_de_elefante.jpg,640,640
inadequadas para corte,568,307,32,44,11_orelha_de_elefante.jpg,640,640
inadequadas para corte,572,267,25,48,11_orelha_de_elefante.jpg,640,640
adequadas para corte,447,118,128,158,12_orelha_de_elefante.jpg,640,640
adequadas para corte,323,0,128,179,12_orelha_de_elefante.jpg,640,640
adequadas para corte,158,319,108,181,12_orelha_de_elefante.jpg,640,640
adequadas para corte,117,0,113,234,12_orelha_de_elefante.jpg,640,640
inadequadas para corte,15,120,45,65,12_orelha_de_elefante.jpg,640,640
inadequadas para corte,453,434,32,67,12_orelha_de_elefante.jpg,640,640
inadequadas para corte,382,544,39,66,12_orelha_de_elefante.jpg,640,640
inadequadas para corte,237,530,53,110,12_orelha_de_elefante.jpg,640,640
inadequadas para corte,155,526,24,79,12_orelha_de_elefante.jpg,640,640
inadequadas para corte,103,505,22,55,12_orelha_de_elefante.jpg,640,640
adequadas para corte,84,209,95,197,12_orelha_de_elefante.jpg,640,640
adequadas para corte,384,236,103,150,12_orelha_de_elefante.jpg,640,640
adequadas para corte,269,91,74,245,12_orelha_de_elefante.jpg,640,640
adequadas para corte,465,268,80,124,12_orelha_de_elefante.jpg,640,640
inadequadas para corte,132,381,25,179,12_orelha_de_elefante.jpg,640,640
inadequadas para corte,500,334,24,99,12_orelha_de_elefante.jpg,640,640
inadequadas para corte,518,327,45,107,12_orelha_de_elefante.jpg,640,640
inadequadas para corte,0,301,72,229,12_orelha_de_elefante.jpg,640,640
inadequadas para corte,404,405,37,98,12_orelha_de_elefante.jpg,640,640
inadequadas para corte,441,482,36,76,12_orelha_de_elefante.jpg,640,640
inadequadas para corte,533,500,41,94,12_orelha_de_elefante.jpg,640,640
adequadas para corte,166,141,120,199,12_orelha_de_elefante.jpg,640,640
adequadas para corte,285,0,78,83,12_orelha_de_elefante.jpg,640,640
adequadas para corte,335,274,80,245,12_orelha_de_elefante.jpg,640,640
inadequadas para corte,71,410,57,132,12_orelha_de_elefante.jpg,640,640
inadequadas para corte,562,52,67,176,12_orelha_de_elefante.jpg,640,640
inadequadas para corte,538,571,30,55,12_orelha_de_elefante.jpg,640,640
inadequadas para corte,491,415,67,139,12_orelha_de_elefante.jpg,640,640
adequadas para corte,583,309,57,124,12_orelha_de_elefante.jpg,640,640
adequadas para corte,542,252,57,170,12_orelha_de_elefante.jpg,640,640
adequadas para corte,574,520,63,120,12_orelha_de_elefante.jpg,640,640
inadequadas para corte,64,0,74,198,12_orelha_de_elefante.jpg,640,640
inadequadas para corte,126,0,41,155,12_orelha_de_elefante.jpg,640,640
inadequadas para corte,433,111,32,173,12_orelha_de_elefante.jpg,640,640
inadequadas para corte,82,0,130,511,13_orelha_de_elefante.jpg,640,640
inadequadas para corte,3,66,266,187,13_orelha_de_elefante.jpg,640,640
inadequadas para corte,402,0,238,363,13_orelha_de_elefante.jpg,640,640
inadequadas para corte,84,326,556,314,13_orelha_de_elefante.jpg,640,640
adequadas para corte,200,173,149,149,13_orelha_de_elefante.jpg,640,640
adequadas para corte,284,158,156,158,13_orelha_de_elefante.jpg,640,640
adequadas para corte,246,0,131,82,13_orelha_de_elefante.jpg,640,640
adequadas para corte,347,0,89,73,13_orelha_de_elefante.jpg,640,640
inadequadas para corte,389,37,69,69,13_orelha_de_elefante.jpg,640,640
inadequadas para corte,200,34,65,120,13_orelha_de_elefante.jpg,640,640
inadequadas para corte,132,213,287,427,14_orelha_de_elefante.jpg,640,640
inadequadas para corte,515,0,121,405,14_orelha_de_elefante.jpg,640,640
inadequadas para corte,526,315,82,103,14_orelha_de_elefante.jpg,640,640
inadequadas para corte,389,388,58,97,14_orelha_de_elefante.jpg,640,640
adequadas para corte,458,385,138,163,14_orelha_de_elefante.jpg,640,640
adequadas para corte,524,480,116,160,14_orelha_de_elefante.jpg,640,640
adequadas para corte,479,518,52,119,14_orelha_de_elefante.jpg,640,640
adequadas para corte,409,411,74,163,14_orelha_de_elefante.jpg,640,640
adequadas para corte,415,552,61,85,14_orelha_de_elefante.jpg,640,640
adequadas para corte,41,420,120,218,14_orelha_de_elefante.jpg,640,640
inadequadas para corte,50,1,256,311,14_orelha_de_elefante.jpg,640,640
inadequadas para corte,1,309,135,103,14_orelha_de_elefante.jpg,640,640
inadequadas para corte,347,147,128,197,14_orelha_de_elefante.jpg,640,640
adequadas para corte,449,166,100,136,14_orelha_de_elefante.jpg,640,640
inadequadas para corte,11,505,98,76,14_orelha_de_elefante.jpg,640,640
inadequadas para corte,273,0,244,340,15_orelha_de_elefante.jpg,640,640
inadequadas para corte,240,88,65,55,15_orelha_de_elefante.jpg,640,640
inadequadas para corte,0,162,166,127,15_orelha_de_elefante.jpg,640,640
inadequadas para corte,0,65,162,436,15_orelha_de_elefante.jpg,640,640
inadequadas para corte,62,258,510,340,15_orelha_de_elefante.jpg,640,640
adequadas para corte,203,202,137,138,15_orelha_de_elefante.jpg,640,640
adequadas para corte,124,15,117,138,15_orelha_de_elefante.jpg,640,640
adequadas para corte,214,2,74,119,15_orelha_de_elefante.jpg,640,640
adequadas para corte,55,23,62,125,15_orelha_de_elefante.jpg,640,640
adequadas para corte,78,1,154,65,15_orelha_de_elefante.jpg,640,640
adequadas para corte,362,477,278,163,15_orelha_de_elefante.jpg,640,640
adequadas para corte,515,355,125,122,15_orelha_de_elefante.jpg,640,640
adequadas para corte,558,144,82,133,15_orelha_de_elefante.jpg,640,640
inadequadas para corte,550,41,82,68,15_orelha_de_elefante.jpg,640,640
adequadas para corte,495,0,125,154,15_orelha_de_elefante.jpg,640,640
inadequadas para corte,198,314,106,275,16_orelha_de_elefante.jpg,640,640
inadequadas para corte,342,288,166,209,16_orelha_de_elefante.jpg,640,640
inadequadas para corte,536,448,95,95,16_orelha_de_elefante.jpg,640,640
inadequadas para corte,313,584,38,45,16_orelha_de_elefante.jpg,640,640
inadequadas para corte,375,592,22,26,16_orelha_de_elefante.jpg,640,640
inadequadas para corte,0,424,126,161,16_orelha_de_elefante.jpg,640,640
adequadas para corte,1,133,75,141,16_orelha_de_elefante.jpg,640,640
adequadas para corte,0,272,85,168,16_orelha_de_elefante.jpg,640,640
adequadas para corte,165,128,276,192,16_orelha_de_elefante.jpg,640,640
adequadas para corte,359,165,281,107,16_orelha_de_elefante.jpg,640,640
adequadas para corte,519,232,121,166,16_orelha_de_elefante.jpg,640,640
adequadas para corte,379,1,201,166,16_orelha_de_elefante.jpg,640,640
adequadas para corte,385,482,152,156,16_orelha_de_elefante.jpg,640,640
adequadas para corte,545,507,86,118,16_orelha_de_elefante.jpg,640,640
adequadas para corte,119,550,54,90,16_orelha_de_elefante.jpg,640,640
adequadas para corte,60,265,102,129,16_orelha_de_elefante.jpg,640,640
adequadas para corte,91,284,119,111,16_orelha_de_elefante.jpg,640,640
adequadas para corte,74,379,91,103,16_orelha_de_elefante.jpg,640,640
inadequadas para corte,146,301,162,232,17_orelha_de_elefante.jpg,640,640
inadequadas para corte,360,298,128,266,17_orelha_de_elefante.jpg,640,640
inadequadas para corte,0,511,101,129,17_orelha_de_elefante.jpg,640,640
inadequadas para corte,75,508,69,129,17_orelha_de_elefante.jpg,640,640
inadequadas para corte,338,395,29,44,17_orelha_de_elefante.jpg,640,640
inadequadas para corte,368,592,37,40,17_orelha_de_elefante.jpg,640,640
adequadas para corte,525,37,83,155,17_orelha_de_elefante.jpg,640,640
adequadas para corte,558,171,82,180,17_orelha_de_elefante.jpg,640,640
adequadas para corte,175,116,279,196,17_orelha_de_elefante.jpg,640,640
adequadas para corte,0,182,242,157,17_orelha_de_elefante.jpg,640,640
adequadas para corte,0,335,128,149,17_orelha_de_elefante.jpg,640,640
adequadas para corte,179,521,122,119,17_orelha_de_elefante.jpg,640,640
adequadas para corte,339,444,74,147,17_orelha_de_elefante.jpg,640,640
adequadas para corte,554,494,50,133,17_orelha_de_elefante.jpg,640,640
adequadas para corte,513,322,84,99,17_orelha_de_elefante.jpg,640,640
adequadas para corte,402,318,130,125,17_orelha_de_elefante.jpg,640,640
inadequadas para corte,588,333,52,177,17_orelha_de_elefante.jpg,640,640
adequadas para corte,302,449,49,106,17_orelha_de_elefante.jpg,640,640
adequadas para corte,429,251,79,95,17_orelha_de_elefante.jpg,640,640
adequadas para corte,478,197,110,116,17_orelha_de_elefante.jpg,640,640
adequadas para corte,0,24,177,200,17_orelha_de_elefante.jpg,640,640
adequadas para corte,141,74,245,235,18_orelha_de_elefante.jpg,640,640
adequadas para corte,427,158,213,157,18_orelha_de_elefante.jpg,640,640
adequadas para corte,404,0,173,89,18_orelha_de_elefante.jpg,640,640
inadequadas para corte,571,284,69,137,18_orelha_de_elefante.jpg,640,640
inadequadas para corte,341,415,128,94,18_orelha_de_elefante.jpg,640,640
inadequadas para corte,419,364,55,74,18_orelha_de_elefante.jpg,640,640
inadequadas para corte,495,305,54,163,18_orelha_de_elefante.jpg,640,640
inadequadas para corte,112,260,179,189,18_orelha_de_elefante.jpg,640,640
inadequadas para corte,78,147,91,127,18_orelha_de_elefante.jpg,640,640
inadequadas para corte,0,0,276,153,18_orelha_de_elefante.jpg,640,640
inadequadas para corte,53,263,55,55,18_orelha_de_elefante.jpg,640,640
inadequadas para corte,283,339,48,53,18_orelha_de_elefante.jpg,640,640
inadequadas para corte,12,371,91,66,18_orelha_de_elefante.jpg,640,640
inadequadas para corte,42,339,69,44,18_orelha_de_elefante.jpg,640,640
adequadas para corte,0,252,93,121,18_orelha_de_elefante.jpg,640,640
adequadas para corte,265,352,97,91,18_orelha_de_elefante.jpg,640,640
adequadas para corte,474,337,139,116,18_orelha_de_elefante.jpg,640,640
adequadas para corte,404,109,86,103,18_orelha_de_elefante.jpg,640,640
adequadas para corte,436,0,204,158,18_orelha_de_elefante.jpg,640,640
adequadas para corte,278,0,154,131,18_orelha_de_elefante.jpg,640,640
adequadas para corte,504,488,69,62,18_orelha_de_elefante.jpg,640,640
inadequadas para corte,129,445,76,91,18_orelha_de_elefante.jpg,640,640
inadequadas para corte,216,440,105,101,18_orelha_de_elefante.jpg,640,640
inadequadas para corte,310,444,60,105,18_orelha_de_elefante.jpg,640,640
adequadas para corte,293,286,135,75,18_orelha_de_elefante.jpg,640,640
adequadas para corte,571,445,69,67,18_orelha_de_elefante.jpg,640,640
inadequadas para corte,46,352,221,240,19_orelha_de_elefante.jpg,640,640
inadequadas para corte,44,228,103,119,19_orelha_de_elefante.jpg,640,640
inadequadas para corte,0,341,73,68,19_orelha_de_elefante.jpg,640,640
inadequadas para corte,242,471,65,59,19_orelha_de_elefante.jpg,640,640
inadequadas para corte,398,528,71,81,19_orelha_de_elefante.jpg,640,640
inadequadas para corte,583,465,57,143,19_orelha_de_elefante.jpg,640,640
inadequadas para corte,479,476,74,164,19_orelha_de_elefante.jpg,640,640
inadequadas para corte,0,0,305,202,19_orelha_de_elefante.jpg,640,640
adequadas para corte,432,82,208,134,19_orelha_de_elefante.jpg,640,640
inadequadas para corte,540,0,100,85,19_orelha_de_elefante.jpg,640,640
adequadas para corte,339,34,113,203,19_orelha_de_elefante.jpg,640,640
adequadas para corte,463,162,177,150,19_orelha_de_elefante.jpg,640,640
adequadas para corte,429,225,82,112,19_orelha_de_elefante.jpg,640,640
adequadas para corte,273,402,145,107,19_orelha_de_elefante.jpg,640,640
adequadas para corte,1,224,50,76,19_orelha_de_elefante.jpg,640,640
adequadas para corte,322,580,122,60,19_orelha_de_elefante.jpg,640,640
inadequadas para corte,333,520,68,57,19_orelha_de_elefante.jpg,640,640
inadequadas para corte,76,580,75,59,19_orelha_de_elefante.jpg,640,640
inadequadas para corte,1,476,41,66,19_orelha_de_elefante.jpg,640,640
inadequadas para corte,1,432,45,42,19_orelha_de_elefante.jpg,640,640
adequadas para corte,195,503,141,97,19_orelha_de_elefante.jpg,640,640
adequadas para corte,119,168,293,256,19_orelha_de_elefante.jpg,640,640
inadequadas para corte,111,286,73,69,20_orelha_de_elefante.jpg,640,640
inadequadas para corte,73,297,61,74,20_orelha_de_elefante.jpg,640,640
inadequadas para corte,263,337,49,58,20_orelha_de_elefante.jpg,640,640
inadequadas para corte,419,296,50,44,20_orelha_de_elefante.jpg,640,640
inadequadas para corte,293,103,88,89,20_orelha_de_elefante.jpg,640,640
inadequadas para corte,467,394,48,81,20_orelha_de_elefante.jpg,640,640
inadequadas para corte,178,425,70,54,20_orelha_de_elefante.jpg,640,640
inadequadas para corte,320,504,27,44,20_orelha_de_elefante.jpg,640,640
inadequadas para corte,420,521,38,59,20_orelha_de_elefante.jpg,640,640
inadequadas para corte,468,208,172,145,20_orelha_de_elefante.jpg,640,640
inadequadas para corte,7,402,99,70,20_orelha_de_elefante.jpg,640,640
adequadas para corte,93,338,137,76,20_orelha_de_elefante.jpg,640,640
adequadas para corte,88,436,100,65,20_orelha_de_elefante.jpg,640,640
adequadas para corte,91,399,104,44,20_orelha_de_elefante.jpg,640,640
adequadas para corte,397,336,78,101,20_orelha_de_elefante.jpg,640,640
adequadas para corte,289,273,97,79,20_orelha_de_elefante.jpg,640,640
adequadas para corte,213,120,155,108,20_orelha_de_elefante.jpg,640,640
adequadas para corte,100,50,87,175,20_orelha_de_elefante.jpg,640,640
adequadas para corte,170,0,189,79,20_orelha_de_elefante.jpg,640,640
adequadas para corte,586,319,53,130,20_orelha_de_elefante.jpg,640,640
adequadas para corte,516,339,73,58,20_orelha_de_elefante.jpg,640,640
adequadas para corte,537,440,61,64,20_orelha_de_elefante.jpg,640,640
adequadas para corte,502,407,48,67,20_orelha_de_elefante.jpg,640,640
adequadas para corte,347,222,80,76,20_orelha_de_elefante.jpg,640,640
adequadas para corte,219,106,118,101,21_orelha_de_elefante.jpg,640,640
adequadas para corte,519,67,121,76,21_orelha_de_elefante.jpg,640,640
adequadas para corte,448,250,112,78,21_orelha_de_elefante.jpg,640,640
adequadas para corte,276,215,108,75,21_orelha_de_elefante.jpg,640,640
adequadas para corte,211,377,76,62,21_orelha_de_elefante.jpg,640,640
inadequadas para corte,209,342,61,51,21_orelha_de_elefante.jpg,640,640
inadequadas para corte,188,362,41,44,21_orelha_de_elefante.jpg,640,640
inadequadas para corte,24,339,37,41,21_orelha_de_elefante.jpg,640,640
inadequadas para corte,321,362,31,37,21_orelha_de_elefante.jpg,640,640
inadequadas para corte,278,395,43,39,21_orelha_de_elefante.jpg,640,640
inadequadas para corte,282,440,36,23,21_orelha_de_elefante.jpg,640,640
inadequadas para corte,297,409,18,14,21_orelha_de_elefante.jpg,640,640
inadequadas para corte,456,378,43,48,21_orelha_de_elefante.jpg,640,640
adequadas para corte,19,394,60,49,21_orelha_de_elefante.jpg,640,640
adequadas para corte,73,351,47,42,21_orelha_de_elefante.jpg,640,640
adequadas para corte,79,391,49,51,21_orelha_de_elefante.jpg,640,640
adequadas para corte,160,432,53,51,21_orelha_de_elefante.jpg,640,640
adequadas para corte,570,449,49,44,21_orelha_de_elefante.jpg,640,640
adequadas para corte,516,393,43,40,21_orelha_de_elefante.jpg,640,640
adequadas para corte,459,428,40,42,21_orelha_de_elefante.jpg,640,640
adequadas para corte,419,337,40,75,21_orelha_de_elefante.jpg,640,640
adequadas para corte,549,285,53,68,21_orelha_de_elefante.jpg,640,640
adequadas para corte,526,230,66,69,21_orelha_de_elefante.jpg,640,640
adequadas para corte,579,325,57,69,21_orelha_de_elefante.jpg,640,640
adequadas para corte,530,318,47,64,21_orelha_de_elefante.jpg,640,640
inadequadas para corte,381,436,40,35,21_orelha_de_elefante.jpg,640,640
inadequadas para corte,388,481,39,24,21_orelha_de_elefante.jpg,640,640
inadequadas para corte,440,465,32,36,21_orelha_de_elefante.jpg,640,640
inadequadas para corte,534,449,15,17,21_orelha_de_elefante.jpg,640,640
inadequadas para corte,112,368,48,48,21_orelha_de_elefante.jpg,640,640
inadequadas para corte,474,0,166,152,22_orelha_de_elefante.jpg,640,640
inadequadas para corte,201,484,68,155,22_orelha_de_elefante.jpg,640,640
inadequadas para corte,262,337,50,130,22_orelha_de_elefante.jpg,640,640
inadequadas para corte,315,314,87,122,22_orelha_de_elefante.jpg,640,640
inadequadas para corte,567,384,73,133,22_orelha_de_elefante.jpg,640,640
inadequadas para corte,471,552,39,86,22_orelha_de_elefante.jpg,640,640
inadequadas para corte,154,528,53,69,22_orelha_de_elefante.jpg,640,640
inadequadas para corte,20,149,157,185,22_orelha_de_elefante.jpg,640,640
adequadas para corte,0,0,172,154,22_orelha_de_elefante.jpg,640,640
adequadas para corte,323,133,122,182,22_orelha_de_elefante.jpg,640,640
adequadas para corte,424,303,36,212,22_orelha_de_elefante.jpg,640,640
adequadas para corte,469,181,132,151,22_orelha_de_elefante.jpg,640,640
adequadas para corte,486,279,102,88,22_orelha_de_elefante.jpg,640,640
inadequadas para corte,589,293,39,69,22_orelha_de_elefante.jpg,640,640
adequadas para corte,467,376,95,124,22_orelha_de_elefante.jpg,640,640
adequadas para corte,282,344,99,175,22_orelha_de_elefante.jpg,640,640
inadequadas para corte,81,512,62,84,22_orelha_de_elefante.jpg,640,640
inadequadas para corte,6,444,88,95,22_orelha_de_elefante.jpg,640,640
adequadas para corte,264,259,79,83,22_orelha_de_elefante.jpg,640,640
adequadas para corte,415,0,113,120,23_orelha_de_elefante.jpg,640,640
adequadas para corte,368,0,61,229,23_orelha_de_elefante.jpg,640,640
adequadas para corte,449,169,153,191,23_orelha_de_elefante.jpg,640,640
adequadas para corte,479,132,161,125,23_orelha_de_elefante.jpg,640,640
adequadas para corte,0,0,200,317,23_orelha_de_elefante.jpg,640,640
adequadas para corte,191,0,121,204,23_orelha_de_elefante.jpg,640,640
inadequadas para corte,497,377,143,263,23_orelha_de_elefante.jpg,640,640
inadequadas para corte,260,89,82,135,23_orelha_de_elefante.jpg,640,640
inadequadas para corte,0,232,113,231,23_orelha_de_elefante.jpg,640,640
inadequadas para corte,0,450,169,187,23_orelha_de_elefante.jpg,640,640
inadequadas para corte,510,61,67,82,23_orelha_de_elefante.jpg,640,640
inadequadas para corte,532,0,108,103,23_orelha_de_elefante.jpg,640,640
adequadas para corte,314,65,128,148,23_orelha_de_elefante.jpg,640,640
adequadas para corte,214,195,117,98,23_orelha_de_elefante.jpg,640,640
adequadas para corte,120,271,85,260,23_orelha_de_elefante.jpg,640,640
inadequadas para corte,461,440,143,200,24_orelha_de_elefante.jpg,640,640
inadequadas para corte,100,289,126,152,24_orelha_de_elefante.jpg,640,640
inadequadas para corte,338,213,67,96,24_orelha_de_elefante.jpg,640,640
inadequadas para corte,46,204,49,71,24_orelha_de_elefante.jpg,640,640
inadequadas para corte,51,276,39,82,24_orelha_de_elefante.jpg,640,640
inadequadas para corte,0,238,30,62,24_orelha_de_elefante.jpg,640,640
inadequadas para corte,239,44,61,132,24_orelha_de_elefante.jpg,640,640
inadequadas para corte,536,143,86,104,24_orelha_de_elefante.jpg,640,640
inadequadas para corte,549,113,29,36,24_orelha_de_elefante.jpg,640,640
inadequadas para corte,461,47,24,72,24_orelha_de_elefante.jpg,640,640
inadequadas para corte,31,63,40,86,24_orelha_de_elefante.jpg,640,640
adequadas para corte,460,294,103,119,24_orelha_de_elefante.jpg,640,640
adequadas para corte,339,303,116,151,24_orelha_de_elefante.jpg,640,640
adequadas para corte,423,138,28,185,24_orelha_de_elefante.jpg,640,640
adequadas para corte,461,161,75,98,24_orelha_de_elefante.jpg,640,640
adequadas para corte,394,198,75,110,24_orelha_de_elefante.jpg,640,640
adequadas para corte,290,137,95,133,24_orelha_de_elefante.jpg,640,640
adequadas para corte,137,123,159,226,24_orelha_de_elefante.jpg,640,640
inadequadas para corte,300,186,30,112,24_orelha_de_elefante.jpg,640,640
adequadas para corte,0,180,66,75,24_orelha_de_elefante.jpg,640,640
adequadas para corte,57,119,73,95,24_orelha_de_elefante.jpg,640,640
adequadas para corte,34,439,185,201,24_orelha_de_elefante.jpg,640,640
inadequadas para corte,27,258,31,101,24_orelha_de_elefante.jpg,640,640
inadequadas para corte,555,267,34,67,24_orelha_de_elefante.jpg,640,640
adequadas para corte,484,267,112,124,24_orelha_de_elefante.jpg,640,640
adequadas para corte,504,164,60,109,24_orelha_de_elefante.jpg,640,640
adequadas para corte,0,284,47,139,24_orelha_de_elefante.jpg,640,640
adequadas para corte,473,40,167,355,25_orelha_de_elefante.jpg,640,640
adequadas para corte,444,158,44,266,25_orelha_de_elefante.jpg,640,640
adequadas para corte,325,367,80,273,25_orelha_de_elefante.jpg,640,640
adequadas para corte,204,310,183,234,25_orelha_de_elefante.jpg,640,640
adequadas para corte,35,441,141,199,25_orelha_de_elefante.jpg,640,640
adequadas para corte,167,566,78,74,25_orelha_de_elefante.jpg,640,640
adequadas para corte,235,533,91,107,25_orelha_de_elefante.jpg,640,640
adequadas para corte,396,531,75,109,25_orelha_de_elefante.jpg,640,640
inadequadas para corte,542,447,93,128,25_orelha_de_elefante.jpg,640,640
inadequadas para corte,440,497,67,139,25_orelha_de_elefante.jpg,640,640
inadequadas para corte,226,235,62,135,25_orelha_de_elefante.jpg,640,640
inadequadas para corte,0,342,77,146,26_orelha_de_elefante.jpg,640,640
inadequadas para corte,112,129,78,116,26_orelha_de_elefante.jpg,640,640
inadequadas para corte,72,86,41,61,26_orelha_de_elefante.jpg,640,640
inadequadas para corte,229,89,57,113,26_orelha_de_elefante.jpg,640,640
inadequadas para corte,228,17,43,57,26_orelha_de_elefante.jpg,640,640
inadequadas para corte,187,0,40,47,26_orelha_de_elefante.jpg,640,640
inadequadas para corte,72,0,28,61,26_orelha_de_elefante.jpg,640,640
inadequadas para corte,393,349,65,112,26_orelha_de_elefante.jpg,640,640
adequadas para corte,79,303,147,317,26_orelha_de_elefante.jpg,640,640
adequadas para corte,239,278,16,248,26_orelha_de_elefante.jpg,640,640
adequadas para corte,185,223,107,126,26_orelha_de_elefante.jpg,640,640
adequadas para corte,309,91,62,233,26_orelha_de_elefante.jpg,640,640
adequadas para corte,331,179,166,196,26_orelha_de_elefante.jpg,640,640
adequadas para corte,520,112,120,175,26_orelha_de_elefante.jpg,640,640
adequadas para corte,474,35,85,128,26_orelha_de_elefante.jpg,640,640
adequadas para corte,396,41,81,147,26_orelha_de_elefante.jpg,640,640
adequadas para corte,279,1,116,193,26_orelha_de_elefante.jpg,640,640
adequadas para corte,10,192,145,160,26_orelha_de_elefante.jpg,640,640
adequadas para corte,240,229,211,240,27_orelha_de_elefante.jpg,640,640
adequadas para corte,362,292,84,300,27_orelha_de_elefante.jpg,640,640
adequadas para corte,251,454,91,179,27_orelha_de_elefante.jpg,640,640
adequadas para corte,151,465,97,167,27_orelha_de_elefante.jpg,640,640
adequadas para corte,54,327,168,200,27_orelha_de_elefante.jpg,640,640
adequadas para corte,12,183,207,164,27_orelha_de_elefante.jpg,640,640
adequadas para corte,0,307,48,147,27_orelha_de_elefante.jpg,640,640
adequadas para corte,360,478,124,162,27_orelha_de_elefante.jpg,640,640
inadequadas para corte,580,426,60,137,27_orelha_de_elefante.jpg,640,640
inadequadas para corte,468,457,61,153,27_orelha_de_elefante.jpg,640,640
adequadas para corte,471,272,153,183,27_orelha_de_elefante.jpg,640,640
adequadas para corte,509,109,87,294,27_orelha_de_elefante.jpg,640,640
adequadas para corte,545,35,95,358,27_orelha_de_elefante.jpg,640,640
adequadas para corte,46,496,51,101,27_orelha_de_elefante.jpg,640,640
inadequadas para corte,179,145,196,134,28_orelha_de_elefante.jpg,640,640
inadequadas para corte,185,279,76,70,28_orelha_de_elefante.jpg,640,640
inadequadas para corte,322,315,100,91,28_orelha_de_elefante.jpg,640,640
inadequadas para corte,440,211,97,165,28_orelha_de_elefante.jpg,640,640
inadequadas para corte,519,290,96,162,28_orelha_de_elefante.jpg,640,640
inadequadas para corte,278,432,81,84,28_orelha_de_elefante.jpg,640,640
inadequadas para corte,339,437,41,48,28_orelha_de_elefante.jpg,640,640
inadequadas para corte,364,432,46,37,28_orelha_de_elefante.jpg,640,640
inadequadas para corte,411,473,32,35,28_orelha_de_elefante.jpg,640,640
inadequadas para corte,335,517,53,35,28_orelha_de_elefante.jpg,640,640
adequadas para corte,537,318,103,292,28_orelha_de_elefante.jpg,640,640
adequadas para corte,600,459,40,181,28_orelha_de_elefante.jpg,640,640
adequadas para corte,0,379,90,137,28_orelha_de_elefante.jpg,640,640
adequadas para corte,2,574,119,66,28_orelha_de_elefante.jpg,640,640
adequadas para corte,128,540,78,67,28_orelha_de_elefante.jpg,640,640
adequadas para corte,173,512,86,70,28_orelha_de_elefante.jpg,640,640
adequadas para corte,180,442,83,82,28_orelha_de_elefante.jpg,640,640
adequadas para corte,163,356,61,86,28_orelha_de_elefante.jpg,640,640
adequadas para corte,127,263,96,154,28_orelha_de_elefante.jpg,640,640
inadequadas para corte,46,420,149,141,28_orelha_de_elefante.jpg,640,640
inadequadas para corte,443,329,61,127,28_orelha_de_elefante.jpg,640,640
inadequadas para corte,439,518,43,57,28_orelha_de_elefante.jpg,640,640
inadequadas para corte,265,293,81,119,28_orelha_de_elefante.jpg,640,640
adequadas para corte,412,127,194,171,28_orelha_de_elefante.jpg,640,640
adequadas para corte,282,473,107,147,29_orelha_de_elefante.jpg,640,640
adequadas para corte,409,491,45,74,29_orelha_de_elefante.jpg,640,640
adequadas para corte,482,466,76,86,29_orelha_de_elefante.jpg,640,640
adequadas para corte,560,467,62,79,29_orelha_de_elefante.jpg,640,640
adequadas para corte,606,538,34,92,29_orelha_de_elefante.jpg,640,640
adequadas para corte,535,546,48,69,29_orelha_de_elefante.jpg,640,640
adequadas para corte,221,406,71,91,29_orelha_de_elefante.jpg,640,640
inadequadas para corte,112,442,103,131,29_orelha_de_elefante.jpg,640,640
inadequadas para corte,385,182,171,149,29_orelha_de_elefante.jpg,640,640
inadequadas para corte,516,303,93,84,29_orelha_de_elefante.jpg,640,640
inadequadas para corte,95,171,99,91,29_orelha_de_elefante.jpg,640,640
inadequadas para corte,196,158,87,103,29_orelha_de_elefante.jpg,640,640
inadequadas para corte,272,171,112,125,29_orelha_de_elefante.jpg,640,640
inadequadas para corte,315,295,95,145,29_orelha_de_elefante.jpg,640,640
inadequadas para corte,360,410,105,77,29_orelha_de_elefante.jpg,640,640
inadequadas para corte,380,331,110,82,29_orelha_de_elefante.jpg,640,640
inadequadas para corte,293,412,44,43,29_orelha_de_elefante.jpg,640,640
inadequadas para corte,183,385,52,44,29_orelha_de_elefante.jpg,640,640
inadequadas para corte,9,394,53,73,29_orelha_de_elefante.jpg,640,640
inadequadas para corte,306,436,55,84,29_orelha_de_elefante.jpg,640,640
adequadas para corte,26,280,143,128,29_orelha_de_elefante.jpg,640,640
inadequadas para corte,229,300,53,138,29_orelha_de_elefante.jpg,640,640
inadequadas para corte,141,357,57,95,29_orelha_de_elefante.jpg,640,640
inadequadas para corte,595,266,44,112,29_orelha_de_elefante.jpg,640,640
adequadas para corte,461,377,49,76,29_orelha_de_elefante.jpg,640,640
adequadas para corte,448,330,69,69,29_orelha_de_elefante.jpg,640,640
adequadas para corte,558,171,82,125,29_orelha_de_elefante.jpg,640,640
adequadas para corte,108,48,54,61,30_orelha_de_elefante.jpg,640,640
adequadas para corte,146,100,57,57,30_orelha_de_elefante.jpg,640,640
adequadas para corte,183,11,49,61,30_orelha_de_elefante.jpg,640,640
adequadas para corte,204,47,23,53,30_orelha_de_elefante.jpg,640,640
adequadas para corte,198,92,21,54,30_orelha_de_elefante.jpg,640,640
adequadas para corte,228,68,35,61,30_orelha_de_elefante.jpg,640,640
adequadas para corte,280,16,86,107,30_orelha_de_elefante.jpg,640,640
adequadas para corte,483,147,114,108,30_orelha_de_elefante.jpg,640,640
adequadas para corte,0,305,65,108,30_orelha_de_elefante.jpg,640,640
inadequadas para corte,425,140,40,46,30_orelha_de_elefante.jpg,640,640
inadequadas para corte,340,137,36,40,30_orelha_de_elefante.jpg,640,640
inadequadas para corte,473,276,86,75,30_orelha_de_elefante.jpg,640,640
inadequadas para corte,326,269,91,107,30_orelha_de_elefante.jpg,640,640
inadequadas para corte,415,287,61,83,30_orelha_de_elefante.jpg,640,640
inadequadas para corte,194,265,123,108,30_orelha_de_elefante.jpg,640,640
inadequadas para corte,122,225,80,76,30_orelha_de_elefante.jpg,640,640
inadequadas para corte,73,250,79,99,30_orelha_de_elefante.jpg,640,640
inadequadas para corte,0,180,72,137,30_orelha_de_elefante.jpg,640,640
inadequadas para corte,1,98,86,61,30_orelha_de_elefante.jpg,640,640
inadequadas para corte,15,27,57,59,30_orelha_de_elefante.jpg,640,640
inadequadas para corte,47,1,27,56,30_orelha_de_elefante.jpg,640,640
inadequadas para corte,85,39,45,54,30_orelha_de_elefante.jpg,640,640
inadequadas para corte,277,171,89,104,30_orelha_de_elefante.jpg,640,640
inadequadas para corte,396,144,40,113,30_orelha_de_elefante.jpg,640,640
inadequadas para corte,226,129,78,65,30_orelha_de_elefante.jpg,640,640
inadequadas para corte,567,94,28,56,30_orelha_de_elefante.jpg,640,640
inadequadas para corte,453,125,40,78,30_orelha_de_elefante.jpg,640,640
inadequadas para corte,216,193,125,82,30_orelha_de_elefante.jpg,640,640
adequadas para corte,416,29,80,100,30_orelha_de_elefante.jpg,640,640
inadequadas para corte,304,87,51,80,30_orelha_de_elefante.jpg,640,640
inadequadas para corte,193,164,36,66,30_orelha_de_elefante.jpg,640,640
adequadas para corte,515,86,91,65,30_orelha_de_elefante.jpg,640,640
adequadas para corte,86,105,61,62,30_orelha_de_elefante.jpg,640,640
inadequadas para corte,589,79,51,81,30_orelha_de_elefante.jpg,640,640
inadequadas para corte,102,396,112,152,30_orelha_de_elefante.jpg,640,640
adequadas para corte,118,309,65,119,30_orelha_de_elefante.jpg,640,640
adequadas para corte,1,410,109,108,30_orelha_de_elefante.jpg,640,640
adequadas para corte,159,373,112,79,31_orelha_de_elefante.jpg,640,640
adequadas para corte,346,402,137,104,31_orelha_de_elefante.jpg,640,640
adequadas para corte,2,110,52,68,31_orelha_de_elefante.jpg,640,640
adequadas para corte,4,196,40,61,31_orelha_de_elefante.jpg,640,640
adequadas para corte,15,248,82,69,31_orelha_de_elefante.jpg,640,640
adequadas para corte,491,132,41,42,31_orelha_de_elefante.jpg,640,640
adequadas para corte,545,128,28,59,31_orelha_de_elefante.jpg,640,640
adequadas para corte,511,179,51,50,31_orelha_de_elefante.jpg,640,640
adequadas para corte,457,168,54,55,31_orelha_de_elefante.jpg,640,640
adequadas para corte,440,129,19,53,31_orelha_de_elefante.jpg,640,640
adequadas para corte,434,93,44,48,31_orelha_de_elefante.jpg,640,640
adequadas para corte,325,107,72,103,31_orelha_de_elefante.jpg,640,640
adequadas para corte,270,174,54,61,31_orelha_de_elefante.jpg,640,640
adequadas para corte,137,224,90,89,31_orelha_de_elefante.jpg,640,640
adequadas para corte,122,171,76,57,31_orelha_de_elefante.jpg,640,640
adequadas para corte,53,89,32,70,31_orelha_de_elefante.jpg,640,640
adequadas para corte,116,126,32,42,31_orelha_de_elefante.jpg,640,640
inadequadas para corte,149,113,44,47,31_orelha_de_elefante.jpg,640,640
inadequadas para corte,145,95,27,46,31_orelha_de_elefante.jpg,640,640
inadequadas para corte,56,170,94,65,31_orelha_de_elefante.jpg,640,640
inadequadas para corte,75,245,69,38,31_orelha_de_elefante.jpg,640,640
inadequadas para corte,169,327,71,65,31_orelha_de_elefante.jpg,640,640
inadequadas para corte,130,333,40,76,31_orelha_de_elefante.jpg,640,640
inadequadas para corte,238,329,53,72,31_orelha_de_elefante.jpg,640,640
inadequadas para corte,287,316,82,91,31_orelha_de_elefante.jpg,640,640
inadequadas para corte,464,267,69,75,31_orelha_de_elefante.jpg,640,640
inadequadas para corte,368,310,114,95,31_orelha_de_elefante.jpg,640,640
inadequadas para corte,465,417,87,111,31_orelha_de_elefante.jpg,640,640
inadequadas para corte,569,234,71,107,31_orelha_de_elefante.jpg,640,640
inadequadas para corte,554,163,74,51,31_orelha_de_elefante.jpg,640,640
inadequadas para corte,566,108,52,39,31_orelha_de_elefante.jpg,640,640
inadequadas para corte,562,75,21,57,31_orelha_de_elefante.jpg,640,640
inadequadas para corte,330,228,72,93,31_orelha_de_elefante.jpg,640,640
inadequadas para corte,268,212,32,103,31_orelha_de_elefante.jpg,640,640
inadequadas para corte,249,216,32,35,31_orelha_de_elefante.jpg,640,640
inadequadas para corte,208,119,76,106,31_orelha_de_elefante.jpg,640,640
inadequadas para corte,77,130,30,33,31_orelha_de_elefante.jpg,640,640
inadequadas para corte,215,198,36,64,31_orelha_de_elefante.jpg,640,640
inadequadas para corte,373,251,78,52,31_orelha_de_elefante.jpg,640,640
inadequadas para corte,371,198,69,61,31_orelha_de_elefante.jpg,640,640
inadequadas para corte,322,206,34,36,31_orelha_de_elefante.jpg,640,640
inadequadas para corte,394,120,28,32,31_orelha_de_elefante.jpg,640,640
inadequadas para corte,503,296,74,83,31_orelha_de_elefante.jpg,640,640
adequadas para corte,574,339,66,111,31_orelha_de_elefante.jpg,640,640
adequadas para corte,0,154,58,55,32_orelha_de_elefante.jpg,640,640
adequadas para corte,45,75,29,62,32_orelha_de_elefante.jpg,640,640
adequadas para corte,11,32,56,59,32_orelha_de_elefante.jpg,640,640
adequadas para corte,72,101,49,53,32_orelha_de_elefante.jpg,640,640
adequadas para corte,126,15,120,124,32_orelha_de_elefante.jpg,640,640
adequadas para corte,430,44,82,112,32_orelha_de_elefante.jpg,640,640
adequadas para corte,388,98,36,57,32_orelha_de_elefante.jpg,640,640
adequadas para corte,248,99,74,86,32_orelha_de_elefante.jpg,640,640
adequadas para corte,249,44,24,53,32_orelha_de_elefante.jpg,640,640
inadequadas para corte,3,494,116,146,32_orelha_de_elefante.jpg,640,640
inadequadas para corte,0,290,77,106,32_orelha_de_elefante.jpg,640,640
inadequadas para corte,68,322,155,137,32_orelha_de_elefante.jpg,640,640
inadequadas para corte,229,316,115,109,32_orelha_de_elefante.jpg,640,640
inadequadas para corte,152,204,126,106,32_orelha_de_elefante.jpg,640,640
inadequadas para corte,92,162,94,73,32_orelha_de_elefante.jpg,640,640
inadequadas para corte,85,242,107,65,32_orelha_de_elefante.jpg,640,640
inadequadas para corte,406,289,103,82,32_orelha_de_elefante.jpg,640,640
inadequadas para corte,346,311,61,98,32_orelha_de_elefante.jpg,640,640
inadequadas para corte,287,153,54,139,32_orelha_de_elefante.jpg,640,640
inadequadas para corte,322,149,45,49,32_orelha_de_elefante.jpg,640,640
inadequadas para corte,207,154,61,44,32_orelha_de_elefante.jpg,640,640
inadequadas para corte,162,96,99,103,32_orelha_de_elefante.jpg,640,640
inadequadas para corte,509,23,117,116,32_orelha_de_elefante.jpg,640,640
inadequadas para corte,308,4,96,117,32_orelha_de_elefante.jpg,640,640
inadequadas para corte,520,135,91,72,32_orelha_de_elefante.jpg,640,640
inadequadas para corte,44,225,48,65,32_orelha_de_elefante.jpg,640,640
inadequadas para corte,277,30,305,247,33_orelha_de_elefante.jpg,640,640
inadequadas para corte,483,0,154,128,33_orelha_de_elefante.jpg,640,640
inadequadas para corte,178,45,110,69,33_orelha_de_elefante.jpg,640,640
inadequadas para corte,424,360,216,178,33_orelha_de_elefante.jpg,640,640
inadequadas para corte,73,90,267,191,33_orelha_de_elefante.jpg,640,640
inadequadas para corte,0,139,52,152,33_orelha_de_elefante.jpg,640,640
adequadas para corte,464,90,176,250,33_orelha_de_elefante.jpg,640,640
adequadas para corte,370,279,90,172,33_orelha_de_elefante.jpg,640,640
adequadas para corte,329,267,59,116,33_orelha_de_elefante.jpg,640,640
adequadas para corte,2,279,383,237,33_orelha_de_elefante.jpg,640,640
adequadas para corte,576,278,64,125,33_orelha_de_elefante.jpg,640,640
adequadas para corte,453,335,121,52,33_orelha_de_elefante.jpg,640,640
adequadas para corte,112,137,190,213,34_orelha_de_elefante.jpg,640,640
adequadas para corte,455,65,119,165,34_orelha_de_elefante.jpg,640,640
adequadas para corte,398,226,187,221,34_orelha_de_elefante.jpg,640,640
adequadas para corte,574,251,66,144,34_orelha_de_elefante.jpg,640,640
adequadas para corte,488,382,127,136,34_orelha_de_elefante.jpg,640,640
inadequadas para corte,196,196,113,172,34_orelha_de_elefante.jpg,640,640
inadequadas para corte,335,57,38,289,34_orelha_de_elefante.jpg,640,640
inadequadas para corte,241,6,100,135,34_orelha_de_elefante.jpg,640,640
inadequadas para corte,336,1,63,131,34_orelha_de_elefante.jpg,640,640
inadequadas para corte,558,97,74,163,34_orelha_de_elefante.jpg,640,640
adequadas para corte,305,225,197,139,34_orelha_de_elefante.jpg,640,640
inadequadas para corte,356,151,117,206,35_orelha_de_elefante.jpg,640,640
adequadas para corte,11,63,151,185,35_orelha_de_elefante.jpg,640,640
adequadas para corte,21,243,267,242,35_orelha_de_elefante.jpg,640,640
inadequadas para corte,237,0,96,347,35_orelha_de_elefante.jpg,640,640
adequadas para corte,350,74,225,268,35_orelha_de_elefante.jpg,640,640
adequadas para corte,115,30,92,163,36_orelha_de_elefante.jpg,640,640
adequadas para corte,56,189,209,217,36_orelha_de_elefante.jpg,640,640
adequadas para corte,0,183,66,145,36_orelha_de_elefante.jpg,640,640
adequadas para corte,334,138,192,205,36_orelha_de_elefante.jpg,640,640
inadequadas para corte,46,42,61,151,36_orelha_de_elefante.jpg,640,640
inadequadas para corte,326,7,95,128,36_orelha_de_elefante.jpg,640,640
inadequadas para corte,276,40,48,272,36_orelha_de_elefante.jpg,640,640
inadequadas para corte,318,192,120,159,36_orelha_de_elefante.jpg,640,640
adequadas para corte,183,186,135,184,36_orelha_de_elefante.jpg,640,640
adequadas para corte,77,126,120,112,37_orelha_de_elefante.jpg,640,640
adequadas para corte,107,176,208,242,37_orelha_de_elefante.jpg,640,640
adequadas para corte,398,291,195,203,37_orelha_de_elefante.jpg,640,640
adequadas para corte,123,401,109,170,37_orelha_de_elefante.jpg,640,640
inadequadas para corte,63,373,64,169,37_orelha_de_elefante.jpg,640,640
inadequadas para corte,1,245,112,157,37_orelha_de_elefante.jpg,640,640
inadequadas para corte,382,259,116,190,37_orelha_de_elefante.jpg,640,640
inadequadas para corte,354,499,99,136,37_orelha_de_elefante.jpg,640,640
inadequadas para corte,324,290,44,297,37_orelha_de_elefante.jpg,640,640
inadequadas para corte,297,507,56,133,37_orelha_de_elefante.jpg,640,640
inadequadas para corte,115,115,142,148,38_orelha_de_elefante.jpg,640,640
inadequadas para corte,0,119,114,192,38_orelha_de_elefante.jpg,640,640
inadequadas para corte,93,344,187,146,38_orelha_de_elefante.jpg,640,640
inadequadas para corte,42,288,163,245,38_orelha_de_elefante.jpg,640,640
inadequadas para corte,56,247,99,105,38_orelha_de_elefante.jpg,640,640
inadequadas para corte,229,403,137,206,38_orelha_de_elefante.jpg,640,640
adequadas para corte,183,183,299,249,38_orelha_de_elefante.jpg,640,640
adequadas para corte,436,160,199,183,38_orelha_de_elefante.jpg,640,640
adequadas para corte,415,390,91,242,38_orelha_de_elefante.jpg,640,640
adequadas para corte,359,440,74,171,38_orelha_de_elefante.jpg,640,640
adequadas para corte,533,423,107,217,38_orelha_de_elefante.jpg,640,640
adequadas para corte,458,349,110,291,38_orelha_de_elefante.jpg,640,640
adequadas para corte,584,217,56,238,38_orelha_de_elefante.jpg,640,640
inadequadas para corte,481,0,119,57,38_orelha_de_elefante.jpg,640,640
inadequadas para corte,444,78,40,54,38_orelha_de_elefante.jpg,640,640
inadequadas para corte,417,137,37,50,38_orelha_de_elefante.jpg,640,640
adequadas para corte,137,205,137,129,39_orelha_de_elefante.jpg,640,640
adequadas para corte,222,224,247,200,39_orelha_de_elefante.jpg,640,640
adequadas para corte,2,145,72,170,39_orelha_de_elefante.jpg,640,640
adequadas para corte,49,377,133,242,39_orelha_de_elefante.jpg,640,640
adequadas para corte,262,416,41,140,39_orelha_de_elefante.jpg,640,640
inadequadas para corte,154,319,65,288,39_orelha_de_elefante.jpg,640,640
inadequadas para corte,1,213,154,216,39_orelha_de_elefante.jpg,640,640
inadequadas para corte,300,390,101,171,39_orelha_de_elefante.jpg,640,640
inadequadas para corte,393,358,128,146,39_orelha_de_elefante.jpg,640,640
inadequadas para corte,453,202,89,123,39_orelha_de_elefante.jpg,640,640
inadequadas para corte,537,215,102,170,39_orelha_de_elefante.jpg,640,640
inadequadas para corte,469,314,83,225,39_orelha_de_elefante.jpg,640,640
inadequadas para corte,280,521,82,109,39_orelha_de_elefante.jpg,640,640
adequadas para corte,211,370,53,212,39_orelha_de_elefante.jpg,640,640
adequadas para corte,369,516,53,108,39_orelha_de_elefante.jpg,640,640
adequadas para corte,205,549,91,85,39_orelha_de_elefante.jpg,640,640
adequadas para corte,76,83,50,144,39_orelha_de_elefante.jpg,640,640
inadequadas para corte,213,0,73,117,39_orelha_de_elefante.jpg,640,640
inadequadas para corte,274,135,23,32,39_orelha_de_elefante.jpg,640,640
inadequadas para corte,291,184,31,39,39_orelha_de_elefante.jpg,640,640